Mask_class_0,Mask_class_1,Mask_class_2,Pred_class_0,Pred_class_1,Pred_class_2,Dice_class1,Dice_class_2,psnr,ssim,patch name
16292,0,92,16352,0,32,nan,0.5159946,28.93693978542754,0.8726425103530596,Platte_20220516_Maize_005_0000.png
16238,0,146,16275,0,109,nan,0.8234254,27.893903545812115,0.8412752294405988,Platte_20220516_Maize_005_0001.png
16211,0,173,16302,0,82,nan,0.61168796,28.476302770416005,0.8620438348774339,Platte_20220516_Maize_005_0002.png
16294,0,90,16330,0,54,nan,0.66651684,28.868813407895686,0.8472427743987975,Platte_20220516_Maize_005_0003.png
16328,0,56,16384,0,0,9.999696e-07,1.999415e-06,32.84632521708004,0.9126046290489013,Platte_20220516_Maize_005_0004.png
16349,0,35,16384,0,0,9.999696e-07,1.9990648e-06,30.579503612329884,0.8703769996657075,Platte_20220516_Maize_005_0005.png
15943,0,441,16037,0,347,nan,0.8121511,29.239952165721395,0.8602239284427862,Platte_20220516_Maize_005_0006.png
16183,0,201,16202,0,182,nan,0.77800333,27.324267804670598,0.8354776926355304,Platte_20220516_Maize_005_0007.png
16164,0,220,16188,0,196,nan,0.84608924,29.402475246233607,0.8667853465440336,Platte_20220516_Maize_005_0008.png
15776,0,608,15800,0,584,nan,0.8623946,29.309864285263245,0.8875943141857946,Platte_20220516_Maize_005_0009.png
15156,0,1228,15274,0,1110,nan,0.86739796,29.606643318062176,0.8738115868195356,Platte_20220516_Maize_005_0010.png
16196,0,188,16255,0,129,nan,0.73809594,28.92321941565391,0.8702256018606102,Platte_20220516_Maize_005_0011.png
16284,0,100,16305,0,79,nan,0.8266663,32.23166149387494,0.8853143017948667,Platte_20220516_Maize_005_0012.png
16236,0,148,16384,0,0,9.999696e-07,1.9997788e-06,34.2404196275458,0.9127191646569935,Platte_20220516_Maize_005_0013.png
16248,0,136,16267,0,117,nan,0.79041344,28.46872245721602,0.821971607581225,Platte_20220516_Maize_005_0014.png
16268,0,116,16259,0,125,nan,0.821467,28.68866157400115,0.8501586247647831,Platte_20220516_Maize_005_0015.png
16244,0,140,16278,0,106,nan,0.7478696,29.344786536497658,0.8661475806371149,Platte_20220516_Maize_005_0016.png
16154,0,230,16138,0,246,nan,0.83607894,29.061180836150434,0.8633973787145753,Platte_20220516_Maize_005_0017.png
16136,0,248,16184,0,200,nan,0.77226686,27.100286767521197,0.8325369512217007,Platte_20220516_Maize_005_0018.png
16320,0,64,16367,0,17,nan,0.4195853,29.524534910922128,0.8532576118535243,Platte_20220516_Maize_005_0019.png
16204,16,164,16260,0,124,1.9979564e-06,0.7568603,32.13709219928742,0.8817780507739519,Platte_20220516_Maize_005_0020.png
16173,0,211,16219,0,165,nan,0.79780483,30.616254862221744,0.8646290608796292,Platte_20220516_Maize_005_0021.png
16042,0,342,16145,0,239,nan,0.7676007,33.768149983154856,0.8980233504123366,Platte_20220516_Maize_005_0022.png
15521,0,863,15462,0,922,nan,0.9097893,29.439741507142134,0.8495488403955157,Platte_20220516_Maize_005_0023.png
16224,0,160,16299,0,85,nan,0.661138,27.269669145354,0.8409761982756908,Platte_20220516_Maize_005_0024.png
16101,0,283,16211,0,173,nan,0.688549,27.938433461278315,0.8404828545070956,Platte_20220516_Maize_005_0025.png
16335,0,49,16376,0,8,nan,0.28054252,26.965415654731327,0.8206535077007401,Platte_20220516_Maize_005_0026.png
16248,0,136,16292,0,92,nan,0.7630501,34.129514324000986,0.8767407544677589,Platte_20220516_Maize_005_0027.png
16314,0,70,16384,0,0,9.999696e-07,1.999532e-06,35.19411158997734,0.9141881487531104,Platte_20220516_Maize_005_0028.png
16222,0,162,16274,0,110,nan,0.7205034,27.609531526999987,0.8326437898367449,Platte_20220516_Maize_005_0029.png
16249,0,135,16260,0,124,nan,0.91880465,33.93375176303482,0.897909068081295,Platte_20220516_Maize_005_0030.png
16222,0,162,16303,0,81,nan,0.5925146,27.15839381009704,0.833534173275919,Platte_20220516_Maize_005_0031.png
16279,0,105,16322,0,62,nan,0.70645016,27.46071851641069,0.8361924368117425,Platte_20220516_Maize_005_0032.png
16341,0,43,16384,0,0,9.999696e-07,1.999239e-06,31.004562083058197,0.8734370878935116,Platte_20220516_Maize_005_0033.png
15792,0,592,15771,0,613,nan,0.9012223,30.77243383650488,0.8638167185008152,Platte_20220516_Maize_005_0034.png
16244,0,140,16299,0,85,nan,0.6754592,28.42243141268247,0.8479497371932719,Platte_20220516_Maize_005_0035.png
15842,0,542,15855,0,529,nan,0.94301695,27.879537481500787,0.8408390231363295,Platte_20220516_Maize_005_0036.png
15700,0,684,15778,0,606,nan,0.858895,36.80713899676553,0.9359932871754156,Platte_20220516_Maize_005_0037.png
15170,1214,0,15665,555,164,0.6240719,1.9998001e-06,29.92177847968098,0.8663908429606771,Platte_20220516_Maize_005_0038.png
14758,1626,0,15099,1285,0,0.85742986,nan,28.75910548877361,0.8678826326622785,Platte_20220516_Maize_005_0039.png
15711,634,39,15830,478,76,0.8039352,0.2086382,29.24923682742595,0.8766538593169266,Platte_20220516_Maize_005_0040.png
14539,1845,0,14782,1602,0,0.9115108,nan,29.999666829482322,0.8740840639792693,Platte_20220516_Maize_005_0041.png
14348,2036,0,14697,1687,0,0.89604604,nan,30.193120518924083,0.8699986713644959,Platte_20220516_Maize_005_0042.png
14351,1954,79,14741,1642,1,0.8715182,1.9995907e-06,29.206534121923802,0.8796859297860012,Platte_20220516_Maize_005_0043.png
14145,1896,343,14404,1780,200,0.79705715,0.0994435,30.580166704877353,0.8965848291361377,Platte_20220516_Maize_005_0044.png
13971,2413,0,14484,1899,1,0.8724445,1.9682705e-06,29.28401178873909,0.8728531554057142,Platte_20220516_Maize_005_0045.png
11262,5122,0,11503,318,4563,0.115442485,1.9999932e-06,32.494571543046206,0.9035089236434927,Platte_20220516_Maize_005_0046.png
11037,5347,0,11600,2770,2014,0.6687193,1.9999839e-06,29.743720245677494,0.8810120346180464,Platte_20220516_Maize_005_0047.png
13829,2555,0,14145,2239,0,0.916141,nan,29.9441928997974,0.8929277350499404,Platte_20220516_Maize_005_0048.png
14422,1493,469,14694,1292,398,0.8955034,0.860408,29.72660455539474,0.8670912170934564,Platte_20220516_Maize_005_0049.png
14991,1393,0,15108,541,735,0.51809055,1.9999554e-06,32.30795328253168,0.883549028480704,Platte_20220516_Maize_005_0050.png
14633,1751,0,14797,1578,9,0.90957576,1.9963722e-06,29.14057119851886,0.8673898848608141,Platte_20220516_Maize_005_0051.png
12493,3891,0,12851,2535,998,0.75723445,1.9999675e-06,32.33482121902315,0.9056920477739251,Platte_20220516_Maize_005_0052.png
14593,1650,141,14776,1608,0,0.880288,1.9997676e-06,29.72213730837494,0.8799625672978527,Platte_20220516_Maize_005_0053.png
13582,2294,508,13822,1752,810,0.8452747,0.7192559,28.967894490032307,0.8583999459052994,Platte_20220516_Maize_005_0054.png
13246,3138,0,13619,1945,820,0.733816,1.9999597e-06,31.72952983194388,0.8794290911149844,Platte_20220516_Maize_005_0055.png
12977,3407,0,13158,565,2661,0.27945593,1.999988e-06,29.47692794806054,0.8745799568548597,Platte_20220516_Maize_005_0056.png
14789,1595,0,14906,1478,0,0.91245586,nan,29.23237336263982,0.8407894198073881,Platte_20220516_Maize_005_0057.png
13870,2051,463,14028,1863,493,0.8921767,0.7991378,33.52354008198772,0.9045801001404273,Platte_20220516_Maize_005_0058.png
14213,2171,0,14529,1776,79,0.87458324,1.9995853e-06,27.661185421793746,0.8664715091623272,Platte_20220516_Maize_005_0059.png
14439,1707,238,14731,1633,20,0.85747886,0.13176817,30.09559232472398,0.8795839418432374,Platte_20220516_Maize_005_0060.png
14110,2274,0,14171,2213,0,0.9213237,nan,34.835667011039476,0.9217139873802184,Platte_20220516_Maize_005_0061.png
14453,1779,152,14645,1678,61,0.8556493,1.9998463e-06,30.488574213277893,0.889316791722926,Platte_20220516_Maize_005_0062.png
14498,1886,0,14789,1574,21,0.8901673,1.9984418e-06,28.807351463852726,0.8576128949504982,Platte_20220516_Maize_005_0063.png
16237,0,147,16290,0,94,nan,0.7135978,29.113434647735325,0.861507065480995,Platte_20220516_Maize_049_0000.png
16354,0,30,16384,0,0,9.999696e-07,1.998909e-06,29.50317660683844,0.8526312185556922,Platte_20220516_Maize_049_0001.png
16236,0,148,16296,0,88,nan,0.7456612,30.636218469042436,0.8728486266857933,Platte_20220516_Maize_049_0002.png
16073,0,311,16168,0,216,nan,0.76655775,30.658449559401674,0.8587128080884879,Platte_20220516_Maize_049_0003.png
16308,0,76,16384,0,0,9.999696e-07,1.9995691e-06,32.95961225190628,0.9116928039242888,Platte_20220516_Maize_049_0004.png
16214,0,170,16296,0,88,nan,0.65108204,31.134028366516056,0.8983454599455243,Platte_20220516_Maize_049_0005.png
16041,0,343,16138,0,246,nan,0.8148971,27.833736618656904,0.8295558446962672,Platte_20220516_Maize_049_0006.png
16208,0,176,16229,0,155,nan,0.78542274,31.650166965862248,0.8823508080938351,Platte_20220516_Maize_049_0007.png
16183,0,201,16260,0,124,nan,0.74454224,30.75436003245311,0.8711945498426132,Platte_20220516_Maize_049_0008.png
16045,0,339,16069,0,315,nan,0.83788043,28.24252224029314,0.8507508937632701,Platte_20220516_Maize_049_0009.png
16344,0,40,16384,0,0,9.999696e-07,1.9991814e-06,33.64336372770329,0.8910996366294381,Platte_20220516_Maize_049_0010.png
16342,0,42,16384,0,0,9.999696e-07,1.99922e-06,33.48195986090336,0.9005369417779852,Platte_20220516_Maize_049_0011.png
16202,0,182,16272,0,112,nan,0.7006042,27.489225859917443,0.82973327355867,Platte_20220516_Maize_049_0012.png
16350,0,34,16384,0,0,9.999696e-07,1.9990375e-06,29.34641811661688,0.8726711387724153,Platte_20220516_Maize_049_0013.png
16360,0,24,16384,0,0,9.999696e-07,1.9986364e-06,28.136514368674106,0.8279505209334573,Platte_20220516_Maize_049_0014.png
16276,0,108,16343,0,41,nan,0.52337676,27.2416734992387,0.8236787176411617,Platte_20220516_Maize_049_0015.png
15982,0,402,16136,0,248,nan,0.7322727,28.28631248608374,0.8483134512085165,Platte_20220516_Maize_049_0016.png
16189,0,195,16216,0,168,nan,0.7602638,28.16567121084587,0.8178271851027069,Platte_20220516_Maize_049_0017.png
16015,0,369,16050,0,334,nan,0.9103436,35.22646285783705,0.9096441724547968,Platte_20220516_Maize_049_0018.png
16106,0,278,16164,0,220,nan,0.78709877,36.56746722059144,0.9310836551055184,Platte_20220516_Maize_049_0019.png
16284,0,100,16384,0,0,9.999696e-07,1.9996723e-06,28.239249746481914,0.8283537305416023,Platte_20220516_Maize_049_0020.png
16304,0,80,16384,0,0,9.999696e-07,1.9995905e-06,35.01149820878064,0.9153274021925002,Platte_20220516_Maize_049_0021.png
16309,0,75,16384,0,0,9.999696e-07,1.9995634e-06,32.46450419184579,0.8947671017393182,Platte_20220516_Maize_049_0022.png
15933,0,451,16010,0,374,nan,0.78057694,32.6268179754383,0.8910402414078039,Platte_20220516_Maize_049_0023.png
16050,0,334,16137,0,247,nan,0.75383204,27.937576421055475,0.828342851682012,Platte_20220516_Maize_049_0024.png
16140,0,244,16187,0,197,nan,0.8117331,29.33578180577389,0.8567757443719399,Platte_20220516_Maize_049_0025.png
16213,0,171,16247,0,137,nan,0.78563267,28.751496705926158,0.8468827503038665,Platte_20220516_Maize_049_0026.png
16316,0,68,16384,0,0,9.999696e-07,1.9995184e-06,30.299915965198124,0.870846295470726,Platte_20220516_Maize_049_0027.png
16293,0,91,16384,0,0,9.999696e-07,1.99964e-06,34.93331992297259,0.9163994197260118,Platte_20220516_Maize_049_0028.png
16183,0,201,16212,0,172,nan,0.81494373,28.567529161177845,0.8381524767451384,Platte_20220516_Maize_049_0029.png
16151,0,233,16207,0,177,nan,0.8243264,35.3454864025923,0.9247887845016516,Platte_20220516_Maize_049_0030.png
16193,0,191,16316,0,68,nan,0.4864269,32.7894689570996,0.9017033690789998,Platte_20220516_Maize_049_0031.png
16183,0,201,16252,0,132,nan,0.69663006,27.823971973114357,0.8531341781394289,Platte_20220516_Maize_049_0032.png
15965,0,419,16067,0,317,nan,0.83692145,36.167894106870904,0.931042042372355,Platte_20220516_Maize_049_0033.png
13739,1101,1544,14102,710,1572,0.7597896,0.7740633,29.92916491680316,0.8870128842265267,Platte_20220516_Maize_049_0034.png
14987,1397,0,15204,1162,18,0.89330846,1.998183e-06,30.932185452200308,0.8802598672308783,Platte_20220516_Maize_049_0035.png
14879,1058,447,15184,0,1200,1.999969e-06,0.32300714,30.60722537656305,0.866272801792772,Platte_20220516_Maize_049_0036.png
14824,1429,131,15170,837,377,0.723734,0.15747216,32.549651666785934,0.8952183070273495,Platte_20220516_Maize_049_0037.png
15386,968,30,15482,902,0,0.9112162,1.9989088e-06,29.625456523252005,0.8718103667749874,Platte_20220516_Maize_049_0038.png
15465,919,0,15521,863,0,0.9304003,nan,30.31038539719104,0.8825964775638387,Platte_20220516_Maize_049_0039.png
16069,315,0,16340,0,44,1.9998959e-06,1.9992558e-06,28.80164023010726,0.8490111187026973,Platte_20220516_Maize_049_0040.png
15297,1087,0,15324,1060,0,0.91754746,nan,32.10354885479316,0.8875843515585817,Platte_20220516_Maize_049_0041.png
15137,1247,0,15219,1165,0,0.922046,nan,31.047836630558947,0.8932744004711296,Platte_20220516_Maize_049_0042.png
15046,973,365,15348,937,99,0.8575791,0.4051459,28.462188967956067,0.8550779385432744,Platte_20220516_Maize_049_0043.png
15709,675,0,15803,0,581,1.9999518e-06,1.9999434e-06,30.43986321771235,0.8768385052213944,Platte_20220516_Maize_049_0044.png
14509,1722,153,14619,1747,18,0.89362293,0.19879432,33.07420693660436,0.9006768513103512,Platte_20220516_Maize_049_0045.png
14928,1387,69,15125,1246,13,0.9236519,0.24380702,32.289122602369964,0.8821337474364924,Platte_20220516_Maize_049_0046.png
15039,1148,197,15204,1056,124,0.8929108,0.74758935,30.44618769523899,0.8641151284148249,Platte_20220516_Maize_049_0047.png
15072,1053,259,15208,1011,165,0.8052221,0.11320079,29.02648213948151,0.8529452461961174,Platte_20220516_Maize_049_0048.png
14907,1477,0,15110,1274,0,0.89639294,nan,29.456283867900797,0.8870801600645621,Platte_20220516_Maize_049_0049.png
15763,587,34,16005,0,379,1.9999443e-06,1.9999206e-06,28.77886190013374,0.8685809451477975,Platte_20220516_Maize_049_0050.png
14816,1407,161,14952,1310,122,0.8604997,0.706634,33.19736295997882,0.9059660495618155,Platte_20220516_Maize_049_0051.png
15187,1090,107,15384,932,68,0.8714025,0.7198673,27.977408360306782,0.8325332569387945,Platte_20220516_Maize_049_0052.png
16176,208,0,16253,0,131,1.9998424e-06,1.9997494e-06,27.984813671077966,0.8601595747265908,Platte_20220516_Maize_049_0053.png
15259,972,153,15373,928,83,0.87261873,0.6609273,29.39039350729106,0.8724739961280293,Platte_20220516_Maize_049_0054.png
15085,1119,180,15267,1117,0,0.8246771,1.9998174e-06,29.588434040132945,0.8609302955659675,Platte_20220516_Maize_049_0055.png
15129,1255,0,15295,1089,0,0.89674723,nan,34.17717061913515,0.91828647623572,Platte_20220516_Maize_049_0056.png
13983,2401,0,14157,1462,765,0.721715,1.9999572e-06,28.061530157805294,0.8431527834145016,Platte_20220516_Maize_049_0057.png
16069,196,119,16122,0,262,1.9998326e-06,0.40941557,31.02579525028027,0.8862050712047903,Platte_20220516_Maize_049_0058.png
16086,298,0,16355,0,29,1.99989e-06,1.9988715e-06,29.671122411149007,0.885781687248364,Platte_20220516_Maize_049_0059.png
15316,912,156,15372,963,49,0.89918655,0.4584654,28.58974925262883,0.8623321726745002,Platte_20220516_Maize_049_0060.png
15421,963,0,15582,0,802,1.999966e-06,1.999959e-06,27.794451716915418,0.8279269680590239,Platte_20220516_Maize_049_0061.png
14785,1599,0,14824,1560,0,0.90344334,nan,33.61080296512696,0.9062699083186598,Platte_20220516_Maize_049_0062.png
16100,284,0,16151,0,233,1.9998847e-06,1.9998595e-06,27.808803603735267,0.8214743067099962,Platte_20220516_Maize_049_0063.png
14945,1335,104,15036,1274,74,0.9145172,0.7639065,30.616583732011563,0.874183886872315,Platte_20220516_Maize_049_0064.png
14946,1438,0,15072,1312,0,0.90544623,nan,28.276388470924985,0.8512753629511159,Platte_20220516_Maize_049_0065.png
15091,1293,0,15242,1096,46,0.87734467,1.999288e-06,27.95302314458538,0.8470898284257623,Platte_20220516_Maize_049_0066.png
14808,1200,376,14910,409,1065,0.49346623,0.45384327,34.08082761688287,0.9131080494679621,Platte_20220516_Maize_049_0067.png
15858,408,118,15935,0,449,1.9999197e-06,0.19046715,30.832680775634344,0.8732215219934457,Platte_20220516_Maize_049_0068.png
14978,1406,0,15121,1263,0,0.87747353,nan,28.81287171784432,0.8639709482460006,Platte_20220516_Maize_049_0069.png
15077,1307,0,15233,1151,0,0.8990954,nan,29.23594685842265,0.8631950329630613,Platte_20220516_Maize_049_0070.png
14034,2350,0,14216,0,2168,1.9999864e-06,1.999985e-06,34.132370684563995,0.9198662375007273,Platte_20220516_Maize_049_0071.png
15295,1089,0,15413,405,566,0.5006604,1.9999422e-06,33.123622309846,0.9012014666251589,Platte_20220516_Maize_049_0072.png
16289,0,95,16321,0,63,nan,0.67074895,27.576987783246825,0.8391698214089524,Platte_20220518_Maize_005_0000.png
16326,0,58,16363,0,21,nan,0.4808153,25.343076472265757,0.830068119326508,Platte_20220518_Maize_005_0001.png
16259,0,125,16297,0,87,nan,0.6414123,31.4696146699036,0.8779517938354472,Platte_20220518_Maize_005_0002.png
16083,0,301,16119,0,265,nan,0.8939432,27.15938701102628,0.8382398372286026,Platte_20220518_Maize_005_0003.png
16202,0,182,16244,0,140,nan,0.81358385,25.11485598404311,0.8387735496450969,Platte_20220518_Maize_005_0004.png
16321,0,63,16384,0,0,9.999696e-07,1.99948e-06,28.277120402892606,0.8660035794330342,Platte_20220518_Maize_005_0005.png
16114,0,270,16127,0,257,nan,0.8576337,28.5634470217769,0.8664963726216112,Platte_20220518_Maize_005_0006.png
16195,0,189,16303,0,81,nan,0.59252256,26.651285494328896,0.8677973976926815,Platte_20220518_Maize_005_0007.png
11811,0,4573,12131,0,4253,nan,0.93632305,29.159870975065175,0.903826490042167,Platte_20220518_Maize_005_0008.png
16281,0,103,16352,0,32,nan,0.47396097,32.329959880981384,0.8896334616139159,Platte_20220518_Maize_005_0009.png
16243,0,141,16358,0,26,nan,0.31131822,24.84157595278119,0.8357427255734131,Platte_20220518_Maize_005_0010.png
13135,0,3249,13338,0,3046,nan,0.93311876,26.543276760376756,0.8663557694569338,Platte_20220518_Maize_005_0011.png
16001,0,383,16102,0,282,nan,0.78191835,30.872739398151488,0.8864313788724805,Platte_20220518_Maize_005_0012.png
16093,0,291,16090,0,294,nan,0.88542247,27.04205082157766,0.8375149954876454,Platte_20220518_Maize_005_0013.png
16271,0,113,16384,0,0,9.999696e-07,1.9997099e-06,34.86130350054255,0.9045195069210158,Platte_20220518_Maize_005_0014.png
16307,0,77,16384,0,0,9.999696e-07,1.9995746e-06,30.042365888123378,0.862344141373944,Platte_20220518_Maize_005_0015.png
16314,0,70,16384,0,0,9.999696e-07,1.999532e-06,24.612020952447633,0.8275042647512652,Platte_20220518_Maize_005_0016.png
16371,0,13,16384,0,0,9.999696e-07,1.9974857e-06,25.91248470178047,0.8117981361562667,Platte_20220518_Maize_005_0017.png
16255,0,129,16384,0,0,9.999696e-07,1.999746e-06,29.344473380635307,0.8441157247894605,Platte_20220518_Maize_005_0018.png
16271,0,113,16297,0,87,nan,0.7598773,24.02396470427034,0.8342994291569422,Platte_20220518_Maize_005_0019.png
16230,0,154,16226,0,158,nan,0.8524765,26.039001973565306,0.8391158698079564,Platte_20220518_Maize_005_0020.png
14822,0,1562,15610,0,774,nan,0.6523904,24.814147500265126,0.8496355241878315,Platte_20220518_Maize_005_0021.png
16161,19,204,16211,0,173,1.9982788e-06,0.769166,29.856352805927546,0.8731963586763404,Platte_20220518_Maize_005_0022.png
16337,0,47,16384,0,0,9.999696e-07,1.9993033e-06,27.671317687116094,0.8844082294722734,Platte_20220518_Maize_005_0023.png
16344,0,40,16384,0,0,9.999696e-07,1.9991814e-06,24.41650985187148,0.8155906849840425,Platte_20220518_Maize_005_0024.png
16123,0,261,16165,0,219,nan,0.8541103,25.01234316151927,0.8366317138073139,Platte_20220518_Maize_005_0025.png
16286,0,98,16338,0,46,nan,0.6387454,26.43073225318252,0.8595632963260157,Platte_20220518_Maize_005_0026.png
16179,0,205,16282,0,102,nan,0.6579122,24.49897030397032,0.836777038557575,Platte_20220518_Maize_005_0027.png
16178,0,206,16315,0,69,nan,0.47994485,26.48209772933642,0.8292922376093786,Platte_20220518_Maize_005_0028.png
13196,3009,179,13838,2546,0,0.8504023,1.999817e-06,26.390021245276152,0.8838245502215877,Platte_20220518_Maize_005_0029.png
13263,3121,0,13483,2901,0,0.9143114,nan,37.73683510064164,0.9557600031503183,Platte_20220518_Maize_005_0030.png
14345,2039,0,14573,1750,61,0.86724216,1.9994632e-06,27.40017543066763,0.887778240326296,Platte_20220518_Maize_005_0031.png
12638,3189,557,13293,2911,180,0.8599975,0.46131122,32.047587727109075,0.9203776938308853,Platte_20220518_Maize_005_0032.png
13826,2478,80,14337,1082,965,0.5814575,0.11291713,26.339924250687442,0.8911192795215636,Platte_20220518_Maize_005_0033.png
14272,2112,0,14544,1840,0,0.8942256,nan,27.583667899306477,0.8911079768260436,Platte_20220518_Maize_005_0034.png
13262,3122,0,13833,2518,33,0.8723375,1.999008e-06,27.46933538451021,0.9011879817544184,Platte_20220518_Maize_005_0035.png
15051,1333,0,15158,0,1226,1.9999757e-06,1.9999734e-06,38.340973971012296,0.9554823822919686,Platte_20220518_Maize_005_0036.png
13733,2651,0,14132,2252,0,0.8961822,nan,32.57424577870728,0.913563873680803,Platte_20220518_Maize_005_0037.png
13726,2658,0,14173,2206,5,0.85320365,1.993489e-06,26.901743760977137,0.8791084769984083,Platte_20220518_Maize_005_0038.png
14346,2038,0,14418,1966,0,0.8906043,nan,39.101317687923725,0.9615415623209658,Platte_20220518_Maize_005_0039.png
13729,2607,48,14274,2110,0,0.8742805,1.9993176e-06,25.858164736042415,0.8697601208805961,Platte_20220518_Maize_005_0040.png
14788,1596,0,15102,1282,0,0.8318205,nan,31.05152397938025,0.9096700903581837,Platte_20220518_Maize_005_0041.png
13862,2202,320,13845,2221,318,0.9088807,0.90277725,36.86937877676334,0.9520312940240037,Platte_20220518_Maize_005_0042.png
14021,2125,238,14443,1447,494,0.799547,0.54642576,27.022177871639244,0.8910432444713591,Platte_20220518_Maize_005_0043.png
14118,2266,0,14276,2108,0,0.88659805,nan,26.21185613997045,0.898761201643755,Platte_20220518_Maize_005_0044.png
13964,2185,235,14337,2037,10,0.87967324,0.073461555,26.38604212252057,0.8817122665435112,Platte_20220518_Maize_005_0045.png
13717,2667,0,13838,2546,0,0.902356,nan,30.979618321870458,0.9162274663656177,Platte_20220518_Maize_005_0046.png
14194,1810,380,14510,1545,329,0.90133464,0.7898104,26.650752576178483,0.8846167830534059,Platte_20220518_Maize_005_0047.png
14204,1931,249,14300,2083,1,0.80966175,1.9998688e-06,34.4759900283546,0.9260160043561761,Platte_20220518_Maize_005_0048.png
14175,2174,35,14562,1822,0,0.88538027,1.9990648e-06,26.572886875473095,0.9018856107754735,Platte_20220518_Maize_005_0049.png
14020,2364,0,14747,1637,0,0.8032947,nan,26.974504177625292,0.8745468917985418,Platte_20220518_Maize_005_0050.png
15599,785,0,15889,0,495,1.9999582e-06,1.9999336e-06,24.812336000438243,0.8142513318615549,Platte_20220518_Maize_005_0051.png
14457,1927,0,14941,1237,206,0.7522068,1.999841e-06,25.609629976615942,0.8436767467630056,Platte_20220518_Maize_005_0052.png
14918,1466,0,15090,1294,0,0.8550645,nan,26.33916849764022,0.8339316083798928,Platte_20220518_Maize_005_0053.png
16115,269,0,16187,0,197,1.9998781e-06,1.9998336e-06,29.760332693997494,0.8531482703983357,Platte_20220518_Maize_005_0054.png
14783,1408,193,15001,0,1383,1.9999768e-06,0.052031383,26.461339250526432,0.8509295714153294,Platte_20220518_Maize_005_0055.png
14540,1844,0,14786,1598,0,0.90411913,nan,25.063317384283955,0.8603155759895257,Platte_20220518_Maize_005_0056.png
14561,1823,0,14782,1602,0,0.8817456,nan,25.208529615450736,0.885347619566862,Platte_20220518_Maize_005_0057.png
15529,855,0,15530,854,0,0.8812023,nan,30.292701773112537,0.8819538518424986,Platte_20220518_Maize_005_0058.png
14569,1815,0,14909,1475,0,0.87537336,nan,28.610640681499,0.8922735653418888,Platte_20220518_Maize_005_0059.png
13798,2586,0,14403,132,1849,0.097131096,1.9999825e-06,27.290961539220383,0.887180923775956,Platte_20220518_Maize_005_0060.png
14034,2107,243,14524,1743,117,0.8831116,0.6388328,26.18759714578427,0.8720123155647546,Platte_20220518_Maize_005_0061.png
14062,2322,0,14368,2016,0,0.9013323,nan,31.13069517147656,0.9104068991098789,Platte_20220518_Maize_005_0062.png
15541,843,0,15707,677,0,0.85129964,nan,25.21025439420346,0.8549402976122235,Platte_20220518_Maize_005_0063.png
13839,2020,525,14197,2136,51,0.8026907,0.13888298,28.773791415049054,0.8988569346862522,Platte_20220518_Maize_005_0064.png
14383,2001,0,14579,1805,0,0.8539098,nan,26.132870197866147,0.860729724104948,Platte_20220518_Maize_005_0065.png
10305,6079,0,10638,78,5668,0.025338879,1.9999945e-06,32.35424873495727,0.9475634238970875,Platte_20220518_Maize_005_0066.png
13629,2755,0,13886,2498,0,0.9327966,nan,28.412065477677846,0.8956122260274505,Platte_20220518_Maize_005_0067.png
15255,1129,0,15410,974,0,0.87873304,nan,25.053581780959185,0.8803203542539327,Platte_20220518_Maize_005_0068.png
14421,1874,89,14682,0,1702,1.9999825e-06,0.077052526,29.115126762680372,0.8975388555159859,Platte_20220518_Maize_005_0069.png
16311,0,73,16384,0,0,9.999696e-07,1.9995512e-06,36.55621895683901,0.9241964757682007,Platte_20220518_Maize_021_0000.png
16331,0,53,16384,0,0,9.999696e-07,1.999382e-06,25.453227165727988,0.8307298992576356,Platte_20220518_Maize_021_0001.png
16071,0,313,16164,0,220,nan,0.7654333,24.677915255716666,0.8215214181967699,Platte_20220518_Maize_021_0002.png
15872,0,512,15852,0,532,nan,0.8888631,27.520137272138882,0.8442356299287361,Platte_20220518_Maize_021_0003.png
16119,0,265,16144,0,240,nan,0.78806967,27.877376537811074,0.8479946291638442,Platte_20220518_Maize_021_0004.png
16173,0,211,16204,0,180,nan,0.81834775,38.75107982224923,0.9462465877759382,Platte_20220518_Maize_021_0005.png
16260,0,124,16340,0,44,nan,0.5118069,24.660275785412754,0.8306684403198822,Platte_20220518_Maize_021_0006.png
15627,0,757,15860,0,524,nan,0.7072439,33.53852224494703,0.8967074267381875,Platte_20220518_Maize_021_0007.png
16281,0,103,16384,0,0,9.999696e-07,1.999682e-06,28.299631015883207,0.8443090698043191,Platte_20220518_Maize_021_0008.png
15889,0,495,15908,38,438,1.9991382e-06,0.8381291,24.719547745146563,0.851038401183064,Platte_20220518_Maize_021_0009.png
15755,0,629,16111,0,273,nan,0.5543055,24.739335663736842,0.837007465080405,Platte_20220518_Maize_021_0010.png
16224,0,160,16243,0,141,nan,0.8504078,35.6380186694053,0.9156466467779197,Platte_20220518_Maize_021_0011.png
16294,0,90,16384,0,0,9.999696e-07,1.9996362e-06,25.88929895858206,0.8280553334142183,Platte_20220518_Maize_021_0012.png
15979,0,405,16082,0,302,nan,0.77507216,24.610782079193065,0.8414689461996789,Platte_20220518_Maize_021_0013.png
16342,0,42,16384,0,0,9.999696e-07,1.99922e-06,33.08319605757202,0.8917482853341182,Platte_20220518_Maize_021_0014.png
16275,0,109,16338,0,46,nan,0.5547234,28.56907414803566,0.8515321560318169,Platte_20220518_Maize_021_0015.png
16296,0,88,16384,0,0,9.999696e-07,1.9996278e-06,33.35114641528938,0.8864976441389469,Platte_20220518_Maize_021_0016.png
15903,0,481,15962,0,422,nan,0.8261071,25.811040375959887,0.8220181878370223,Platte_20220518_Maize_021_0017.png
16205,0,179,16275,0,109,nan,0.68047994,24.145875159611492,0.841922124372498,Platte_20220518_Maize_021_0018.png
16207,0,177,16258,0,126,nan,0.6995963,24.22578385209688,0.8460681470936988,Platte_20220518_Maize_021_0019.png
16115,0,269,16192,0,192,nan,0.79820985,28.396985069252494,0.8391078610762035,Platte_20220518_Maize_021_0020.png
15914,0,470,15918,0,466,nan,0.8183494,27.81416598123538,0.8730972924582378,Platte_20220518_Maize_021_0021.png
16211,0,173,16269,0,115,nan,0.75686044,24.305572994150918,0.8461885895940021,Platte_20220518_Maize_021_0022.png
16323,0,61,16384,0,0,9.999696e-07,1.999463e-06,28.38021871005084,0.8568380156123725,Platte_20220518_Maize_021_0023.png
16192,0,192,16197,0,187,nan,0.78621364,25.14409809779761,0.8309355949485618,Platte_20220518_Maize_021_0024.png
16208,0,176,16200,0,184,nan,0.90547514,27.457236600069265,0.8502453606594051,Platte_20220518_Maize_021_0025.png
16174,0,210,16213,0,171,nan,0.8608204,30.234760108632216,0.8793366468240946,Platte_20220518_Maize_021_0026.png
16230,0,154,16314,0,70,nan,0.5088561,24.870715872812042,0.836355346895362,Platte_20220518_Maize_021_0027.png
16322,0,62,16384,0,0,9.999696e-07,1.9994718e-06,26.754853555375565,0.8456605907166649,Platte_20220518_Maize_021_0028.png
15598,0,786,15624,0,760,nan,0.88484746,27.26656584394358,0.8489558717989794,Platte_20220518_Maize_021_0029.png
16313,0,71,16384,0,0,9.999696e-07,1.9995384e-06,31.277087881342776,0.8796680105435621,Platte_20220518_Maize_021_0030.png
15965,0,419,16079,0,305,nan,0.7927838,25.347838082851794,0.8378203320815558,Platte_20220518_Maize_021_0031.png
16064,0,320,16144,118,122,1.9997221e-06,0.40721154,25.271826657905343,0.860594021961378,Platte_20220518_Maize_021_0032.png
16291,0,93,16339,0,45,nan,0.63753176,25.249105095498585,0.8500998544296943,Platte_20220518_Maize_021_0033.png
16052,0,332,16148,0,236,nan,0.82037723,25.887257041748754,0.8616826122688077,Platte_20220518_Maize_021_0034.png
16134,0,250,16218,0,166,nan,0.67783314,24.789784229635615,0.8374595307769491,Platte_20220518_Maize_021_0035.png
14236,1806,342,14401,1983,0,0.7891218,1.9999038e-06,25.818252249834686,0.8755440674648236,Platte_20220518_Maize_021_0036.png
13750,2634,0,14002,2382,0,0.9019101,nan,37.32133351621129,0.9516918914953063,Platte_20220518_Maize_021_0037.png
14227,1419,738,14503,1779,102,0.7160674,0.19761339,30.557021583994906,0.9030057226597655,Platte_20220518_Maize_021_0038.png
15164,1220,0,15324,1060,0,0.898235,nan,27.37879542139879,0.8733605609120852,Platte_20220518_Maize_021_0039.png
12273,4111,0,12712,3670,2,0.89756936,1.9838808e-06,27.757807432866016,0.896795260871432,Platte_20220518_Maize_021_0040.png
14656,1728,0,14757,1627,0,0.91683376,nan,26.140752403579842,0.8681949679212151,Platte_20220518_Maize_021_0041.png
13798,2586,0,14286,2098,0,0.8633608,nan,39.459417783089755,0.9593828254612454,Platte_20220518_Maize_021_0042.png
14933,1451,0,15015,1369,0,0.8744604,nan,30.850656073363538,0.8988224661741434,Platte_20220518_Maize_021_0043.png
14360,2024,0,14609,1771,4,0.91224736,1.9918755e-06,25.83183452427196,0.8656502519545578,Platte_20220518_Maize_021_0044.png
14700,1525,159,14829,1555,0,0.90778476,1.9997938e-06,26.43920031278162,0.8702986859856442,Platte_20220518_Maize_021_0045.png
14666,1718,0,15501,883,0,0.66512245,nan,26.710060912175194,0.8693625701879691,Platte_20220518_Maize_021_0046.png
14834,1550,0,14884,1500,0,0.872124,nan,30.68959669120551,0.8981529852130071,Platte_20220518_Maize_021_0047.png
14026,2358,0,14226,2158,0,0.8618204,nan,37.211889546882546,0.9572061507447476,Platte_20220518_Maize_021_0048.png
14439,1436,509,14696,1141,547,0.84904075,0.83520347,25.21249199056586,0.8722321895148845,Platte_20220518_Maize_021_0049.png
14638,1536,210,15061,1310,13,0.8777154,0.11657681,26.621236487022557,0.8825632746145723,Platte_20220518_Maize_021_0050.png
15228,1156,0,15433,951,0,0.8865569,nan,30.27237342096873,0.9024319022172379,Platte_20220518_Maize_021_0051.png
15635,532,217,15835,0,549,1.9999384e-06,0.250644,25.96850008090155,0.8728322310067802,Platte_20220518_Maize_021_0052.png
14541,1843,0,14853,1531,0,0.8695847,nan,35.12964500726991,0.9321191990153291,Platte_20220518_Maize_021_0053.png
15128,1216,40,15303,1081,0,0.89681137,1.9991814e-06,26.27493401362802,0.8708752031233865,Platte_20220518_Maize_021_0054.png
14012,2189,183,14312,0,2072,1.9999852e-06,0.09844848,25.373885095241167,0.8843324885913245,Platte_20220518_Maize_021_0055.png
14983,1115,286,15057,917,410,0.78640676,0.62353593,28.692242734470508,0.8751014660189682,Platte_20220518_Maize_021_0056.png
15144,1240,0,15268,1116,0,0.91170424,nan,26.4498521588204,0.8822474658696313,Platte_20220518_Maize_021_0057.png
14469,1915,0,14666,1718,0,0.86924833,nan,33.50725325089854,0.9167135972415773,Platte_20220518_Maize_021_0058.png
14693,1691,0,14811,1540,33,0.8950719,1.999008e-06,27.47476152902225,0.8788641324778602,Platte_20220518_Maize_021_0059.png
14257,1988,139,14469,1850,65,0.88899934,0.6371543,26.80461799139392,0.8931051889051358,Platte_20220518_Maize_021_0060.png
14907,1477,0,15069,1211,104,0.83630174,1.999685e-06,24.93185099325626,0.8718314269920467,Platte_20220518_Maize_021_0061.png
14412,1651,321,14421,1568,395,0.8729352,0.8351593,31.448566274215132,0.9151817401914432,Platte_20220518_Maize_021_0062.png
14924,1460,0,14978,1406,0,0.8792665,nan,26.988811871862634,0.883055600392277,Platte_20220518_Maize_021_0063.png
14711,1338,335,15012,1234,138,0.8841279,0.54119074,25.58926329149064,0.8761325040170389,Platte_20220518_Maize_021_0064.png
15018,1366,0,15148,1236,0,0.86932254,nan,26.243377820527712,0.8679745895840231,Platte_20220518_Maize_021_0065.png
13996,1882,506,14309,1901,174,0.85381454,0.3646903,25.026029189901656,0.8816145600551403,Platte_20220518_Maize_021_0066.png
14216,1998,170,14426,1938,20,0.8688975,0.210492,31.631130383688905,0.9181103777189558,Platte_20220518_Maize_021_0067.png
15088,1296,0,15194,1190,0,0.8881643,nan,24.174963676085245,0.850786677205931,Platte_20220518_Maize_021_0068.png
14746,1638,0,14835,1549,0,0.9155874,nan,26.18324500544213,0.88445436912732,Platte_20220518_Maize_021_0069.png
13586,2798,0,13923,632,1829,0.35218534,1.9999823e-06,27.288593305521935,0.8980201336018645,Platte_20220518_Maize_021_0070.png
14680,1704,0,14805,1579,0,0.89003295,nan,27.77290420334495,0.8767841796062656,Platte_20220518_Maize_021_0071.png
12940,3444,0,13371,3013,0,0.88957477,nan,31.074817322109173,0.9270191346719753,Platte_20220518_Maize_021_0072.png
14909,1475,0,15177,1207,0,0.8650177,nan,24.735586841103494,0.8583658080230224,Platte_20220518_Maize_021_0073.png
14465,1919,0,14750,1634,0,0.8747479,nan,27.181640195955076,0.8929371631617601,Platte_20220518_Maize_021_0074.png
14640,1744,0,14695,1689,0,0.919306,nan,25.664006850854474,0.8807907798227861,Platte_20220518_Maize_021_0075.png
14673,1711,0,14791,1593,0,0.901325,nan,26.868209235841853,0.8783438387657609,Platte_20220518_Maize_021_0076.png
13615,2097,672,13767,2243,374,0.8184291,0.6328695,29.732564634572025,0.9161613144913451,Platte_20220518_Maize_021_0077.png
14785,1287,312,14790,1309,285,0.9129337,0.87432605,24.951744411176087,0.8668287067352405,Platte_20220518_Maize_021_0078.png
14407,1440,537,14546,379,1459,0.4156075,0.49498394,27.742487422606324,0.899840969185397,Platte_20220518_Maize_021_0079.png
14511,1449,424,14697,1687,0,0.8156824,1.999923e-06,26.85329451536791,0.8831512377532471,Platte_20220518_Maize_021_0080.png
15256,1128,0,15324,1046,14,0.89511305,1.9976649e-06,29.82322893111335,0.9106907671585374,Platte_20220518_Maize_021_0081.png
14228,1932,224,14423,1955,6,0.8716183,0.052168466,27.893317081208178,0.8914610841059707,Platte_20220518_Maize_021_0082.png
15473,0,911,15566,0,818,nan,0.8953005,28.66382263894332,0.8743090531734743,Platte_20220520_Maize_005_0000.png
15196,0,1188,15234,0,1150,nan,0.86312085,40.20831776990271,0.9594597521383301,Platte_20220520_Maize_005_0001.png
15903,0,481,15956,0,428,nan,0.87125766,27.238286518950122,0.8928640465204424,Platte_20220520_Maize_005_0002.png
16202,0,182,16259,0,125,nan,0.75562155,27.73388508908116,0.860936021548878,Platte_20220520_Maize_005_0003.png
16132,0,252,16203,0,181,nan,0.7943991,26.59851655222493,0.8594747395669646,Platte_20220520_Maize_005_0004.png
16021,0,363,16057,0,327,nan,0.8927133,37.5015548627583,0.9271827300330614,Platte_20220520_Maize_005_0005.png
15813,0,571,15930,0,454,nan,0.79217184,34.55334903597213,0.9051984949233463,Platte_20220520_Maize_005_0006.png
13693,0,2691,13705,20,2659,1.9983643e-06,0.9547627,34.75027986524622,0.9221595973253353,Platte_20220520_Maize_005_0007.png
15579,0,805,15564,0,820,nan,0.8922918,27.758207203056706,0.8555284981920211,Platte_20220520_Maize_005_0008.png
15918,0,466,16041,0,343,nan,0.80837464,26.396305826063582,0.8630001097925043,Platte_20220520_Maize_005_0009.png
15589,0,795,15636,0,748,nan,0.8424988,26.439649828828983,0.8781550193339682,Platte_20220520_Maize_005_0010.png
14914,0,1470,14987,1103,294,1.9999704e-06,0.319724,31.59523585914501,0.881607830136465,Platte_20220520_Maize_005_0011.png
15962,0,422,15976,0,408,nan,0.88912344,33.12416350484752,0.8887708187303573,Platte_20220520_Maize_005_0012.png
16030,0,354,16184,0,200,nan,0.6606126,28.93072105648529,0.8657290552622771,Platte_20220520_Maize_005_0013.png
16140,0,244,16162,0,222,nan,0.88405997,27.245343429218703,0.8278679562548321,Platte_20220520_Maize_005_0014.png
16190,0,194,16309,0,75,nan,0.5426867,26.31034005066291,0.8387426661887938,Platte_20220520_Maize_005_0015.png
16195,0,189,16318,0,66,nan,0.5175824,26.152797310239905,0.8478602386659296,Platte_20220520_Maize_005_0016.png
16282,0,102,16321,0,63,nan,0.7392491,30.897562928728952,0.8573066500758607,Platte_20220520_Maize_005_0017.png
16295,0,89,16384,0,0,9.999696e-07,1.9996319e-06,27.27266734191888,0.8293913483205014,Platte_20220520_Maize_005_0018.png
16132,0,252,16236,0,148,nan,0.70994383,25.513253900787177,0.8577163648511171,Platte_20220520_Maize_005_0019.png
15481,0,903,15574,0,810,nan,0.8896523,28.76697415273432,0.848702783179573,Platte_20220520_Maize_005_0020.png
16220,0,164,16295,0,89,nan,0.66394764,26.10467884434472,0.8664416782511525,Platte_20220520_Maize_005_0021.png
15999,0,385,16090,0,294,nan,0.7864147,25.016404330103423,0.8436966581307183,Platte_20220520_Maize_005_0022.png
16239,0,145,16238,0,146,nan,0.81777936,25.860256923618635,0.8426634566181774,Platte_20220520_Maize_005_0023.png
15721,0,663,15756,0,628,nan,0.7947145,29.963745896794013,0.8764303026481625,Platte_20220520_Maize_005_0024.png
14921,0,1463,15001,0,1383,nan,0.9072299,26.513562109502725,0.8961735147061535,Platte_20220520_Maize_005_0025.png
15963,0,421,16007,0,377,nan,0.9097391,28.826157114751613,0.8658107927308812,Platte_20220520_Maize_005_0026.png
13590,147,2647,13664,5,2715,0.06577727,0.87914634,25.955262718678004,0.8812951100297082,Platte_20220520_Maize_005_0027.png
15652,0,732,15799,0,585,nan,0.87165856,27.062334987628113,0.8748945047590263,Platte_20220520_Maize_005_0028.png
15903,0,481,16047,0,337,nan,0.8214849,26.35028816565665,0.8840813865682682,Platte_20220520_Maize_005_0029.png
15725,0,659,15797,0,587,nan,0.8635426,25.661818913683774,0.8686708459524128,Platte_20220520_Maize_005_0030.png
15403,0,981,15494,0,890,nan,0.9160739,28.612120138775428,0.8909190544178985,Platte_20220520_Maize_005_0031.png
16004,0,380,15966,0,418,nan,0.8871838,29.140783026861655,0.8760740004417085,Platte_20220520_Maize_005_0032.png
15829,4,551,15895,0,489,1.991875e-06,0.8999736,27.12704065542415,0.8723086970990725,Platte_20220520_Maize_005_0033.png
15505,0,879,15578,0,806,nan,0.8759494,27.323712338463658,0.8649819152378084,Platte_20220520_Maize_005_0034.png
15916,0,468,15957,0,427,nan,0.9049967,26.86428729630929,0.8864550709054492,Platte_20220520_Maize_005_0035.png
15663,0,721,15749,0,635,nan,0.86576295,26.315746971710897,0.8652345174013504,Platte_20220520_Maize_005_0036.png
15761,0,623,15902,0,482,nan,0.80540806,27.828786025827156,0.867964554148624,Platte_20220520_Maize_005_0037.png
14126,0,2258,14088,0,2296,nan,0.92665327,26.634882392623567,0.8849057868479807,Platte_20220520_Maize_005_0038.png
15372,0,1012,15548,0,836,nan,0.8484718,29.703924445618828,0.903937166895011,Platte_20220520_Maize_005_0039.png
12902,2210,1272,13330,1525,1529,0.7764345,0.77114636,29.43149627992988,0.9073919967856828,Platte_20220520_Maize_005_0040.png
14676,1570,138,14941,1443,0,0.90805733,1.9997624e-06,27.03734021984709,0.8694270661765101,Platte_20220520_Maize_005_0041.png
13114,3270,0,13416,2900,68,0.90988374,1.9995182e-06,28.898842772117625,0.9213385913693047,Platte_20220520_Maize_005_0042.png
14177,2115,92,14439,1945,0,0.9315218,1.999644e-06,38.844053138471104,0.9550887324321754,Platte_20220520_Maize_005_0043.png
13139,3096,149,13473,2904,7,0.91133046,0.08972677,34.02876542466275,0.9303335607027523,Platte_20220520_Maize_005_0044.png
13072,2748,564,13561,2356,467,0.89654803,0.79920083,29.927204216015912,0.9057475585998409,Platte_20220520_Maize_005_0045.png
15648,709,27,15886,274,224,0.51473564,0.07170579,35.654553724094185,0.9224756828796332,Platte_20220520_Maize_005_0046.png
12979,3405,0,13538,2846,0,0.8884952,nan,27.80265798834142,0.8969396812329538,Platte_20220520_Maize_005_0047.png
12999,2753,632,13238,842,2304,0.44672957,0.38146922,36.90133565101015,0.9456256888484983,Platte_20220520_Maize_005_0048.png
14087,2297,0,14815,1568,1,0.79068124,1.96827e-06,27.487018244328453,0.9010267532563581,Platte_20220520_Maize_005_0049.png
15476,831,77,15874,0,510,1.9999604e-06,0.25211737,30.027861885291255,0.8769589036447067,Platte_20220520_Maize_005_0050.png
11902,4274,208,12611,3773,0,0.8746102,1.9998422e-06,29.976564952325695,0.9065095992845439,Platte_20220520_Maize_005_0051.png
14398,1986,0,14657,1727,0,0.90384567,nan,35.92018528233751,0.9280228761757058,Platte_20220520_Maize_005_0052.png
14389,1995,0,14709,1675,0,0.8757437,nan,33.36383134263301,0.914510679471395,Platte_20220520_Maize_005_0053.png
12405,2788,1191,12959,3008,417,0.7836417,0.44899788,28.626890991185196,0.9226423573548237,Platte_20220520_Maize_005_0054.png
13089,2988,307,13754,2511,119,0.9016154,0.5586445,27.804885342979354,0.9059159840333343,Platte_20220520_Maize_005_0055.png
13119,3265,0,13475,2909,0,0.9271109,nan,27.943011431970884,0.8826567825833908,Platte_20220520_Maize_005_0056.png
13418,2966,0,13801,2583,0,0.91547704,nan,32.332902537517974,0.9161770997116968,Platte_20220520_Maize_005_0057.png
13783,2601,0,14175,1683,526,0.75629896,1.9999372e-06,33.029909576186526,0.9121943923777313,Platte_20220520_Maize_005_0058.png
13264,3120,0,13695,2689,0,0.88414246,nan,27.123471407280533,0.8548383506777402,Platte_20220520_Maize_005_0059.png
14045,2339,0,14633,1751,0,0.83178043,nan,27.100272131939235,0.8694761207485366,Platte_20220520_Maize_005_0060.png
14487,1897,0,14890,0,1494,1.999983e-06,1.9999784e-06,27.96795986551078,0.8513846428792249,Platte_20220520_Maize_005_0061.png
14535,1849,0,15105,720,559,0.5550748,1.999941e-06,26.223062458550366,0.8626010300826733,Platte_20220520_Maize_005_0062.png
14096,2288,0,14191,2193,0,0.92300355,nan,32.05735525720404,0.9136135529841516,Platte_20220520_Maize_005_0063.png
13914,2245,225,14210,2156,18,0.86979795,0.032919366,27.148801975759614,0.8876027180109339,Platte_20220520_Maize_005_0064.png
13185,2704,495,13650,2725,9,0.82224804,0.035713963,30.5527384940029,0.9079474126252939,Platte_20220520_Maize_005_0065.png
15232,1091,61,15498,886,0,0.86392313,1.999463e-06,25.955857603421553,0.8717141082425607,Platte_20220520_Maize_005_0066.png
14338,2046,0,14625,1759,0,0.8998631,nan,27.212428031883977,0.8940642969448819,Platte_20220520_Maize_005_0067.png
13200,2590,594,13671,2713,0,0.8127445,1.999945e-06,33.597159156189846,0.9320492583516762,Platte_20220520_Maize_005_0068.png
13561,2823,0,13814,2570,0,0.927866,nan,29.407915128989103,0.8913646067288142,Platte_20220520_Maize_005_0069.png
12977,3407,0,13491,2396,497,0.8033751,1.999934e-06,27.115249194375785,0.8787064762047468,Platte_20220520_Maize_005_0070.png
13333,2565,486,13767,2155,462,0.89279246,0.82064885,27.135985765388014,0.8912952443197967,Platte_20220520_Maize_005_0071.png
12990,2983,411,13272,3078,34,0.8694909,0.11684732,32.831003868200796,0.9298515210510772,Platte_20220520_Maize_005_0072.png
13399,2497,488,13524,2766,94,0.8333618,0.30239043,27.956778614095743,0.8946578389846391,Platte_20220520_Maize_005_0073.png
9688,6696,0,10129,4623,1632,0.7933561,1.9999798e-06,28.86651533546274,0.9176347058796975,Platte_20220520_Maize_005_0074.png
13669,2610,105,13837,2547,0,0.8993564,1.9996883e-06,28.412298328566617,0.8990354235023501,Platte_20220520_Maize_005_0075.png
10563,5466,355,11239,4487,658,0.7840847,1.9999677e-06,29.366621643087658,0.9198339573512867,Platte_20220520_Maize_005_0076.png
13575,2658,151,13728,2550,106,0.91743106,0.82479966,32.067448828116184,0.9322756859281235,Platte_20220520_Maize_005_0077.png
13643,2170,571,14124,1812,448,0.84881496,0.7379567,27.348661583763985,0.8951554352079166,Platte_20220520_Maize_005_0078.png
10744,5640,0,11394,4966,24,0.9108044,1.9986362e-06,28.907602905751286,0.9231528055569284,Platte_20220520_Maize_005_0079.png
16313,0,71,16384,0,0,9.999696e-07,1.9995387e-06,27.595667600543045,0.8540543321224124,Platte_20220520_Maize_048_0000.png
15801,0,583,15876,0,508,nan,0.8744028,39.141787679853174,0.9563519899383777,Platte_20220520_Maize_048_0001.png
15894,0,490,15895,0,489,nan,0.8273492,33.879294836097515,0.9171884564159695,Platte_20220520_Maize_048_0002.png
16035,0,349,16065,0,319,nan,0.8263087,27.286060513879168,0.8640988833588178,Platte_20220520_Maize_048_0003.png
16108,0,276,16220,0,164,nan,0.72722054,27.449238015514197,0.880122408885955,Platte_20220520_Maize_048_0004.png
15889,0,495,15945,0,439,nan,0.880057,27.522258871833504,0.8446236594254066,Platte_20220520_Maize_048_0005.png
16069,0,315,16189,0,195,nan,0.7411308,29.430589187200926,0.875415389406884,Platte_20220520_Maize_048_0006.png
15534,0,850,15611,0,773,nan,0.8354751,36.0111484518365,0.9185579437330297,Platte_20220520_Maize_048_0007.png
15677,0,707,15814,0,570,nan,0.8660723,26.374159011736058,0.8624021619277884,Platte_20220520_Maize_048_0008.png
16152,0,232,16187,0,197,nan,0.7831589,35.79835887257716,0.9193217749169866,Platte_20220520_Maize_048_0009.png
15210,0,1174,15365,0,1019,nan,0.8809738,27.480037010798792,0.8886009296817449,Platte_20220520_Maize_048_0010.png
15755,0,629,15942,0,442,nan,0.7749548,35.65999772489214,0.9288404463315146,Platte_20220520_Maize_048_0011.png
14302,0,2082,14516,0,1868,nan,0.89822257,27.084376377544217,0.883646768713305,Platte_20220520_Maize_048_0012.png
14808,0,1576,14889,0,1495,nan,0.9215163,25.803321871022604,0.8660691651637039,Platte_20220520_Maize_048_0013.png
15364,0,1020,15478,0,906,nan,0.855647,27.148092337630658,0.8553754249785285,Platte_20220520_Maize_048_0014.png
16123,0,261,16269,0,115,nan,0.5850573,26.298143411960023,0.8677527354685549,Platte_20220520_Maize_048_0015.png
14640,381,1363,14871,0,1513,1.9999138e-06,0.8344851,31.850701815616166,0.8975429260569633,Platte_20220520_Maize_048_0016.png
16134,0,250,16124,0,260,nan,0.87445545,31.728408925262674,0.8963898374858416,Platte_20220520_Maize_048_0017.png
15327,0,1057,15363,0,1021,nan,0.8883424,25.839702971785083,0.8544563231427494,Platte_20220520_Maize_048_0018.png
16316,0,68,16384,0,0,9.999696e-07,1.9995184e-06,32.44352631701727,0.8917384939682522,Platte_20220520_Maize_048_0019.png
15884,0,500,16226,0,158,nan,0.45590636,25.79878028746365,0.8614423224268769,Platte_20220520_Maize_048_0020.png
15758,233,393,15933,201,250,0.89855164,0.75268525,26.005487324041923,0.8816210651188926,Platte_20220520_Maize_048_0021.png
15491,0,893,15516,0,868,nan,0.9176454,30.557041666101654,0.887685093660593,Platte_20220520_Maize_048_0022.png
15472,0,912,15580,0,804,nan,0.90091723,26.307151960626562,0.863262550175483,Platte_20220520_Maize_048_0023.png
16108,0,276,16241,0,143,nan,0.61093265,32.85988383776761,0.9082772095397348,Platte_20220520_Maize_048_0024.png
15429,0,955,15699,0,685,nan,0.7792549,27.513587051260437,0.8804300710834241,Platte_20220520_Maize_048_0025.png
15631,0,753,15805,0,579,nan,0.7897726,28.88497504826548,0.8852150535147598,Platte_20220520_Maize_048_0026.png
16248,0,136,16326,0,58,nan,0.5050712,27.64780410767265,0.8698895789129754,Platte_20220520_Maize_048_0027.png
15484,0,900,15570,0,814,nan,0.86696345,29.918746066256325,0.9046895100294465,Platte_20220520_Maize_048_0028.png
15591,28,765,15767,0,617,1.9988308e-06,0.8306626,28.428391480124645,0.902420714379211,Platte_20220520_Maize_048_0029.png
16205,0,179,16251,0,133,nan,0.8012,25.231296292044902,0.8759249575597122,Platte_20220520_Maize_048_0030.png
15725,0,659,15912,0,472,nan,0.78866196,25.338026051927834,0.8735393838774309,Platte_20220520_Maize_048_0031.png
15647,0,737,15575,0,809,nan,0.8990775,30.63279967300391,0.8927844781906834,Platte_20220520_Maize_048_0032.png
15765,326,293,15931,226,227,0.7572033,0.780722,28.62445208937197,0.891576205534664,Platte_20220520_Maize_048_0033.png
15809,0,575,15923,0,461,nan,0.7451521,30.716817521630038,0.9148193301116194,Platte_20220520_Maize_048_0034.png
15752,0,632,16105,0,279,nan,0.5949312,26.540615746164615,0.8626468232677924,Platte_20220520_Maize_048_0035.png
15580,0,804,15783,0,601,nan,0.79855984,25.850778136676347,0.8555061284334142,Platte_20220520_Maize_048_0036.png
15953,0,431,16112,0,272,nan,0.716896,26.559297481600225,0.8737642470763061,Platte_20220520_Maize_048_0037.png
12543,2774,1067,13118,2524,742,0.8927863,0.7849519,31.424064495590937,0.9211337016982301,Platte_20220520_Maize_048_0038.png
14075,2309,0,14334,2050,0,0.90157837,nan,28.232748329512862,0.9097694187711186,Platte_20220520_Maize_048_0039.png
10851,4126,1407,11241,1245,3898,0.4218949,0.4674826,35.44663385509807,0.9508615982708529,Platte_20220520_Maize_048_0040.png
13904,2444,36,14256,2128,0,0.9015704,1.99909e-06,27.93418203995373,0.908432990922441,Platte_20220520_Maize_048_0041.png
12799,3163,422,13519,2751,114,0.8745323,0.42161813,29.070347367567972,0.918730839238834,Platte_20220520_Maize_048_0042.png
12914,2862,608,13513,846,2025,0.45576933,0.30535334,30.087469738683662,0.9067086338427335,Platte_20220520_Maize_048_0043.png
13304,2700,380,13849,2166,369,0.8697044,0.8864789,28.09612430639063,0.9114350922861573,Platte_20220520_Maize_048_0044.png
13074,3310,0,13447,2937,0,0.91531664,nan,29.90518152017223,0.9006249296664913,Platte_20220520_Maize_048_0045.png
13629,2052,703,14012,2217,155,0.8418789,0.34963903,28.01264650540817,0.9080950975994037,Platte_20220520_Maize_048_0046.png
13358,3026,0,13750,2597,37,0.9073417,1.9991148e-06,33.482347643309566,0.9248024668549251,Platte_20220520_Maize_048_0047.png
13437,2121,826,14026,810,1548,0.52677894,0.603195,26.494704031193123,0.9073312695607618,Platte_20220520_Maize_048_0048.png
14505,1879,0,14737,1647,0,0.90697056,nan,27.2755740014088,0.8959580932389827,Platte_20220520_Maize_048_0049.png
13679,2705,0,13948,2436,0,0.9192727,nan,27.702181298813656,0.8910640438663,Platte_20220520_Maize_048_0050.png
13805,2579,0,14224,2160,0,0.8955435,nan,26.427335202300664,0.8977555803384855,Platte_20220520_Maize_048_0051.png
14286,2098,0,14444,1940,0,0.9113371,nan,31.835948971452535,0.9183330222268372,Platte_20220520_Maize_048_0052.png
13458,2926,0,13955,2429,0,0.90158385,nan,26.793107449477354,0.900122419603479,Platte_20220520_Maize_048_0053.png
13356,2743,285,13783,2544,57,0.8897261,0.3099139,31.213071726265017,0.9152804044047175,Platte_20220520_Maize_048_0054.png
13452,2932,0,13734,2650,0,0.9236801,nan,26.208488070053065,0.8859818141816179,Platte_20220520_Maize_048_0055.png
14349,2035,0,14521,1857,6,0.9105804,1.994568e-06,27.721961088040903,0.8850943016321149,Platte_20220520_Maize_048_0056.png
13769,2615,0,13977,2407,0,0.9008326,nan,30.129523213575744,0.9107263383589741,Platte_20220520_Maize_048_0057.png
12278,2408,1698,12699,1966,1719,0.88522637,0.8568859,28.502458224873408,0.903179278100741,Platte_20220520_Maize_048_0058.png
15302,512,570,15501,883,0,0.5505267,1.9999422e-06,26.074582517891294,0.8753837499916518,Platte_20220520_Maize_048_0059.png
13042,2202,1140,13448,2170,766,0.87648237,0.7303148,26.557979076866417,0.8985274486282565,Platte_20220520_Maize_048_0060.png
14328,1977,79,14470,1882,32,0.8727598,0.45031947,29.001213994118416,0.9043940748056776,Platte_20220520_Maize_048_0061.png
11915,2541,1928,12556,1188,2640,0.6221474,0.6370378,27.47132830815119,0.9088050952636241,Platte_20220520_Maize_048_0062.png
13249,3078,57,13687,2697,0,0.89107937,1.9994254e-06,27.578332787868057,0.9066828328671676,Platte_20220520_Maize_048_0063.png
14162,2222,0,14504,1880,0,0.8522625,nan,29.544157123227656,0.9105167982753685,Platte_20220520_Maize_048_0064.png
13910,2474,0,14058,2326,0,0.9424957,nan,27.36345911502716,0.894602940481413,Platte_20220520_Maize_048_0065.png
13933,2451,0,13981,2403,0,0.92171,nan,27.188966916046247,0.9087271294258265,Platte_20220520_Maize_048_0066.png
12689,3573,122,13360,3024,0,0.86887753,1.9997312e-06,27.1683771161365,0.8914597499410499,Platte_20220520_Maize_048_0067.png
13918,2240,226,14060,2247,77,0.8446583,1.999892e-06,28.700236865044467,0.9072846583486363,Platte_20220520_Maize_048_0068.png
14819,1210,355,14937,131,1316,0.19537385,0.38898304,29.777234829948323,0.8707916029048334,Platte_20220523_Maize_005_0000.png
15625,0,759,15650,0,734,nan,0.8640152,28.127382872615804,0.850597152914378,Platte_20220523_Maize_005_0001.png
15270,0,1114,15360,0,1024,nan,0.91953903,29.413567212833694,0.869951726358066,Platte_20220523_Maize_005_0002.png
15956,0,428,15911,0,473,nan,0.887872,26.950948344154536,0.8532810489396175,Platte_20220523_Maize_005_0003.png
15766,0,618,15810,42,532,1.99922e-06,0.8156309,27.65689970602724,0.8497354138415126,Platte_20220523_Maize_005_0004.png
16223,0,161,16234,0,150,nan,0.8423568,29.237783163329404,0.8771143884295025,Platte_20220523_Maize_005_0005.png
16066,0,318,16053,0,331,nan,0.84125376,28.53198541757573,0.8689811491613043,Platte_20220523_Maize_005_0006.png
16232,0,152,16276,0,108,nan,0.71529645,28.33873676689244,0.8514538744633356,Platte_20220523_Maize_005_0007.png
16357,0,27,16384,0,0,9.999696e-07,1.9987879e-06,28.457937842337785,0.8571620581203949,Platte_20220523_Maize_005_0008.png
16020,0,364,16032,0,352,nan,0.85191864,27.791902794675583,0.8534813894465327,Platte_20220523_Maize_005_0009.png
15072,0,1312,15097,0,1287,nan,0.8433928,28.01924922264961,0.8664338286114223,Platte_20220523_Maize_005_0010.png
15876,64,444,15926,0,458,1.9994884e-06,0.8115027,27.464863363838127,0.8654186260404096,Platte_20220523_Maize_005_0011.png
15923,0,461,15978,0,406,nan,0.91807574,28.736687754848738,0.8683371891292139,Platte_20220523_Maize_005_0012.png
15304,0,1080,15313,0,1071,nan,0.92792845,29.114670148055055,0.8845565651200608,Platte_20220523_Maize_005_0013.png
15451,0,933,15385,0,999,nan,0.88611543,27.258136412613936,0.8735790725370447,Platte_20220523_Maize_005_0014.png
15709,166,509,15402,3,979,0.035498075,0.6841268,27.97598679075827,0.871937872673529,Platte_20220523_Maize_005_0015.png
15136,0,1248,15159,0,1225,nan,0.9195209,27.66423325391515,0.8640957312659149,Platte_20220523_Maize_005_0016.png
16227,0,157,16251,0,133,nan,0.82749474,28.909049673541922,0.8603218452525153,Platte_20220523_Maize_005_0017.png
14048,0,2336,14124,0,2260,nan,0.91949075,27.607585404423332,0.8693226159267456,Platte_20220523_Maize_005_0018.png
14825,0,1559,14887,0,1497,nan,0.84030735,27.156256302442596,0.8561513430751427,Platte_20220523_Maize_005_0019.png
15638,0,746,15608,0,776,nan,0.8514949,26.734194696993487,0.858608109698001,Platte_20220523_Maize_005_0020.png
14992,105,1287,14996,13,1375,0.20333536,0.9188489,27.791575091218302,0.8817221423607254,Platte_20220523_Maize_005_0021.png
12955,72,3357,12987,0,3397,1.999545e-06,0.8984282,28.952748815345796,0.8814546428762294,Platte_20220523_Maize_005_0022.png
15048,1077,259,15358,845,181,0.8480628,0.76812667,27.227970575359024,0.8651522228626015,Platte_20220523_Maize_005_0023.png
15073,488,823,15173,14,1197,0.023904819,0.7227627,28.70489035704082,0.8533942273559042,Platte_20220523_Maize_005_0024.png
14786,0,1598,14893,0,1491,nan,0.9413973,26.75840407884553,0.845287032358224,Platte_20220523_Maize_005_0025.png
14529,1702,153,14675,1610,99,0.9166596,0.7062593,28.229061097750765,0.8613376600736786,Platte_20220523_Maize_005_0026.png
15334,30,1020,15457,0,927,1.9989086e-06,0.8936697,28.061608421833103,0.8461233851646471,Platte_20220523_Maize_005_0027.png
15884,0,500,16049,0,335,nan,0.76164895,27.46308705743306,0.8608330773266477,Platte_20220523_Maize_005_0028.png
15216,162,1006,15369,1,1014,0.012269477,0.81682056,29.08711737806467,0.8774504865814938,Platte_20220523_Maize_005_0029.png
15736,0,648,15814,0,570,nan,0.8866778,28.87011322087028,0.8683412480857683,Platte_20220523_Maize_005_0030.png
15562,0,822,15599,0,785,nan,0.8885964,27.104802456668374,0.8504282564040663,Platte_20220523_Maize_005_0031.png
14731,0,1653,14781,0,1603,nan,0.9453244,28.37100894690964,0.8747178147307754,Platte_20220523_Maize_005_0032.png
11512,0,4872,11582,0,4802,nan,0.9603049,28.821660939948863,0.8897339878080471,Platte_20220523_Maize_005_0033.png
15682,0,702,15709,0,675,nan,0.8975844,27.225482925416674,0.8735657121822191,Platte_20220523_Maize_005_0034.png
15967,0,417,16015,0,369,nan,0.84729487,27.843225552082554,0.8537400485210785,Platte_20220523_Maize_005_0035.png
15569,0,815,15604,5,775,1.9934885e-06,0.90061235,26.25870379206331,0.8524494899854207,Platte_20220523_Maize_005_0036.png
15368,0,1016,15475,0,909,nan,0.92154497,27.216147045532423,0.8552705117253231,Platte_20220523_Maize_005_0037.png
16040,0,344,16146,0,238,nan,0.79720795,26.293261251422205,0.8531813453479274,Platte_20220523_Maize_005_0038.png
15183,529,672,15186,138,1060,0.39878297,0.69975793,26.563846989238307,0.8351350012368433,Platte_20220523_Maize_005_0039.png
15752,111,521,15726,0,658,1.9997046e-06,0.80235463,26.501366691773853,0.8469049534673324,Platte_20220523_Maize_005_0040.png
15673,0,711,15816,0,568,nan,0.79278874,26.85136318865446,0.8472525513846545,Platte_20220523_Maize_005_0041.png
15350,28,1006,15426,0,958,1.9988308e-06,0.89611757,27.297000443689008,0.8503046233926498,Platte_20220523_Maize_005_0042.png
15471,482,431,15515,86,783,0.30280143,0.55352914,28.179561549105536,0.8685512828009601,Platte_20220523_Maize_005_0043.png
11581,3523,1280,11718,3353,1313,0.9194275,0.9510121,29.434667228947728,0.8795523549393159,Platte_20220523_Maize_005_0044.png
11151,4530,703,11504,4818,62,0.8682062,0.14117244,28.489812811538133,0.8856670369776735,Platte_20220523_Maize_005_0045.png
14227,1298,859,14591,1050,743,0.86285216,0.8801339,30.0396046424364,0.908728210234567,Platte_20220523_Maize_005_0046.png
15717,667,0,15981,0,403,1.9999509e-06,1.9999188e-06,28.60909464936241,0.8782613897570671,Platte_20220523_Maize_005_0047.png
13673,2711,0,13984,2400,0,0.91019,nan,28.218357124783306,0.8665523449756879,Platte_20220523_Maize_005_0048.png
13854,2072,458,14817,0,1567,1.9999843e-06,0.41678542,27.852315095105965,0.8504781172805714,Platte_20220523_Maize_005_0049.png
13300,3084,0,13511,2873,0,0.9336885,nan,30.79969207886859,0.9030378379923546,Platte_20220523_Maize_005_0050.png
13455,2693,236,14067,1383,934,0.6736964,0.19486836,28.182139312482025,0.8783540911452373,Platte_20220523_Maize_005_0051.png
12641,3743,0,12942,3183,259,0.8729404,1.9998733e-06,30.58676276435923,0.8978428477215186,Platte_20220523_Maize_005_0052.png
14425,1959,0,14550,1834,0,0.9037646,nan,28.830798091517735,0.889650827370827,Platte_20220523_Maize_005_0053.png
13930,2454,0,14031,2353,0,0.9298897,nan,28.26655545299537,0.8753001067430336,Platte_20220523_Maize_005_0054.png
12649,3735,0,12935,3449,0,0.915087,nan,30.728627624564044,0.9038041886717867,Platte_20220523_Maize_005_0055.png
11954,4240,190,12373,3811,200,0.90895385,0.17434631,28.554896740231147,0.8832326823300711,Platte_20220523_Maize_005_0056.png
10261,4569,1554,10378,3782,2224,0.8281631,0.6511347,29.73181853848611,0.8843409561041543,Platte_20220523_Maize_005_0057.png
10435,5833,116,11025,5359,0,0.92458844,1.9997171e-06,29.667353696419816,0.9068660561267329,Platte_20220523_Maize_005_0058.png
14162,799,1423,14372,0,2012,1.999959e-06,0.7545802,27.20855785969244,0.8476957354433025,Platte_20220523_Maize_005_0059.png
6509,9875,0,7059,3759,5566,0.5495093,1.9999943e-06,31.348146056685952,0.9206721026116541,Platte_20220523_Maize_005_0060.png
13636,2748,0,13958,2426,0,0.87552804,nan,30.31079407378121,0.8737424113433905,Platte_20220523_Maize_005_0061.png
11027,5320,37,11627,4710,47,0.9236282,1.9996094e-06,28.426675337504058,0.8823020273194372,Platte_20220523_Maize_005_0062.png
7032,9060,292,7272,2309,6803,0.39898053,0.07301081,31.42804036874341,0.9158520316417272,Platte_20220523_Maize_005_0063.png
11197,3513,1674,11372,3028,1984,0.90842134,0.8693218,28.324520904631825,0.8869834492574186,Platte_20220523_Maize_005_0064.png
12745,3639,0,13041,2310,1033,0.7688665,1.9999684e-06,29.090423400376856,0.8950405839246319,Platte_20220523_Maize_005_0065.png
8219,8165,0,8894,1883,5607,0.3706218,1.9999945e-06,32.19179698043416,0.9126496244773478,Platte_20220523_Maize_005_0066.png
8277,7648,459,8735,4790,2859,0.7488342,0.23327279,29.653381487894066,0.9026347160902487,Platte_20220523_Maize_005_0067.png
11204,5180,0,11533,4851,0,0.9285206,nan,28.486579762618895,0.8876045403728406,Platte_20220523_Maize_005_0068.png
12187,4197,0,12725,2801,858,0.78279346,1.999962e-06,30.69044725366355,0.8796562445233477,Platte_20220523_Maize_005_0069.png
9144,7180,60,9767,5744,873,0.86567605,0.055734236,29.480131049355723,0.8983881211005119,Platte_20220523_Maize_005_0070.png
9193,7191,0,9710,357,6317,0.09274139,1.999995e-06,29.13453397672388,0.8890894714827748,Platte_20220523_Maize_005_0071.png
9908,5456,1020,10281,0,6103,1.9999943e-06,0.24568388,34.00189075243658,0.9150228000194421,Platte_20220523_Maize_005_0072.png
12687,2846,851,12890,1083,2411,0.53295773,0.4616775,29.17058409806936,0.8682383628559601,Platte_20220523_Maize_005_0073.png
16114,0,270,16129,0,255,nan,0.81137997,28.420402147950487,0.9098986162554853,Platte_20220523_Maize_048_0000.png
13099,0,3285,13068,0,3316,nan,0.9492474,28.505426680203378,0.9021711772391844,Platte_20220523_Maize_048_0001.png
12900,0,3484,12844,215,3325,1.9998474e-06,0.90086424,27.046119492605655,0.8877664426109222,Platte_20220523_Maize_048_0002.png
14934,0,1450,14918,0,1466,nan,0.949237,25.020575506173937,0.8619261858734651,Platte_20220523_Maize_048_0003.png
16204,0,180,16261,0,123,nan,0.613797,28.099205585213035,0.8822497910511394,Platte_20220523_Maize_048_0004.png
16032,0,352,16132,0,252,nan,0.7814165,24.99328878428569,0.8592190578964317,Platte_20220523_Maize_048_0005.png
15504,0,880,15521,0,863,nan,0.932859,29.505011868752696,0.896651710404837,Platte_20220523_Maize_048_0006.png
16097,0,287,16070,0,314,nan,0.84521383,29.13449278444505,0.9125729178368456,Platte_20220523_Maize_048_0007.png
14838,0,1546,15070,0,1314,nan,0.85873353,27.631407736775632,0.9040511401324358,Platte_20220523_Maize_048_0008.png
15344,0,1040,15640,0,744,nan,0.8071622,28.428407566256723,0.9170916328725003,Platte_20220523_Maize_048_0009.png
15261,0,1123,15265,0,1119,nan,0.9277317,26.84786344923806,0.8991504947201467,Platte_20220523_Maize_048_0010.png
12825,0,3559,12787,0,3597,nan,0.962826,27.106652343755577,0.8936436999866296,Platte_20220523_Maize_048_0011.png
15185,0,1199,15272,0,1112,nan,0.8835898,25.22072688331331,0.8549769459897733,Platte_20220523_Maize_048_0012.png
14482,0,1902,14406,242,1736,1.9998645e-06,0.87849903,28.60292488399874,0.8981273291850163,Platte_20220523_Maize_048_0013.png
15929,0,455,15929,0,455,nan,0.9076616,27.791307062883767,0.9068956285994122,Platte_20220523_Maize_048_0014.png
14227,114,2043,14281,2,2101,0.034475014,0.92036164,28.22546820047975,0.9131086456428168,Platte_20220523_Maize_048_0015.png
14221,0,2163,14175,0,2209,nan,0.9053018,27.64114387805025,0.8994746483658229,Platte_20220523_Maize_048_0016.png
15128,0,1256,15181,0,1203,nan,0.91743606,26.105407618280395,0.8954204470500061,Platte_20220523_Maize_048_0017.png
14758,0,1626,14749,0,1635,nan,0.9401952,27.56504494291209,0.8851893992649816,Platte_20220523_Maize_048_0018.png
15695,0,689,15664,0,720,nan,0.89281315,27.054306215199674,0.9084774163505207,Platte_20220523_Maize_048_0019.png
14841,0,1543,14812,0,1572,nan,0.93675005,25.947313223923697,0.8960442560196871,Platte_20220523_Maize_048_0020.png
11972,625,3787,11968,599,3817,0.9133765,0.958704,27.121034480538093,0.8996738589900178,Platte_20220523_Maize_048_0021.png
15590,191,603,15617,158,609,0.7964889,0.8613651,26.7998118833328,0.8980627482845921,Platte_20220523_Maize_048_0022.png
15916,0,468,15944,0,440,nan,0.88983804,26.824219510660484,0.896961655260139,Platte_20220523_Maize_048_0023.png
15628,0,756,15692,0,692,nan,0.8894848,27.00755807471406,0.8779757620860705,Platte_20220523_Maize_048_0024.png
14150,0,2234,14098,0,2286,nan,0.9039779,26.086161967378537,0.8667301070039585,Platte_20220523_Maize_048_0025.png
14926,0,1458,14944,0,1440,nan,0.93235886,25.347535499665305,0.8687337895866349,Platte_20220523_Maize_048_0026.png
16114,0,270,16180,0,204,nan,0.78053874,24.83712031557179,0.8813035618753355,Platte_20220523_Maize_048_0027.png
15266,0,1118,15379,0,1005,nan,0.8864699,26.62355518527275,0.8959749418730691,Platte_20220523_Maize_048_0028.png
11813,1498,3073,11830,1308,3246,0.9030564,0.9295747,27.01467800160287,0.8958485468804853,Platte_20220523_Maize_048_0029.png
13979,0,2405,13867,0,2517,nan,0.94839084,28.414854852876672,0.9156968259261903,Platte_20220523_Maize_048_0030.png
14824,0,1560,14931,0,1453,nan,0.927971,25.797184187885527,0.8700407419508575,Platte_20220523_Maize_048_0031.png
15301,0,1083,15517,0,867,nan,0.8543468,24.905100082786817,0.863054094487425,Platte_20220523_Maize_048_0032.png
14965,0,1419,14989,0,1395,nan,0.9395792,27.1399837806406,0.9070029630361214,Platte_20220523_Maize_048_0033.png
16176,0,208,16192,0,192,nan,0.8199348,26.522160442570684,0.8993014752902561,Platte_20220523_Maize_048_0034.png
13112,2612,660,13219,3149,16,0.831103,0.011835745,26.653420965052845,0.8876213741666575,Platte_20220523_Maize_048_0035.png
16072,0,312,16094,0,290,nan,0.8869969,27.277745653866845,0.8897597773780449,Platte_20220523_Maize_048_0036.png
14573,0,1811,14665,0,1719,nan,0.9206736,26.157449404458447,0.884426638186396,Platte_20220523_Maize_048_0037.png
14055,416,1913,14208,262,1914,0.74922836,0.90827775,27.411520058193396,0.8947157860859946,Platte_20220523_Maize_048_0038.png
16193,0,191,16239,0,145,nan,0.7261216,26.21714061815497,0.8806536685802251,Platte_20220523_Maize_048_0039.png
15112,0,1272,15192,0,1192,nan,0.8985292,26.66523939848092,0.8942599450562349,Platte_20220523_Maize_048_0040.png
15790,0,594,15987,0,397,nan,0.7870597,26.31739946009526,0.8865594703976934,Platte_20220523_Maize_048_0041.png
14995,465,924,15023,19,1342,0.07850908,0.73344254,27.57418242849214,0.8558762031586573,Platte_20220523_Maize_048_0042.png
15415,0,969,15533,0,851,nan,0.90108496,28.439876991416078,0.8888927723485018,Platte_20220523_Maize_048_0043.png
15753,0,631,15811,0,573,nan,0.92688704,29.27578643024019,0.916280238574302,Platte_20220523_Maize_048_0044.png
14894,0,1490,14982,0,1402,nan,0.92668617,27.217316065947305,0.8853829639141844,Platte_20220523_Maize_048_0045.png
7778,4966,3640,7419,274,8691,0.1045815,0.5730278,29.703418035032477,0.9065010225144349,Platte_20220523_Maize_048_0046.png
13347,2919,118,13513,2871,0,0.9139866,1.9997221e-06,28.85754304137823,0.9165935559924229,Platte_20220523_Maize_048_0047.png
10619,5466,299,10748,2302,3334,0.56204915,0.12716852,27.925203700354654,0.9009111519220907,Platte_20220523_Maize_048_0048.png
8473,6938,973,9006,2644,4734,0.51137584,0.19590066,29.248407011876786,0.9045746134253121,Platte_20220523_Maize_048_0049.png
11458,4853,73,11892,4491,1,0.93278986,0.02701706,28.41496427665387,0.8861128773059793,Platte_20220523_Maize_048_0050.png
12865,1599,1920,13165,779,2440,0.641709,0.846326,27.55477891354898,0.8909430590440154,Platte_20220523_Maize_048_0051.png
11102,4060,1222,11205,4529,650,0.883687,0.6004189,28.98778661616752,0.8998761218689055,Platte_20220523_Maize_048_0052.png
9120,5613,1651,9249,883,6252,0.26693416,0.37479487,29.661809195531838,0.9096144359035622,Platte_20220523_Maize_048_0053.png
14315,784,1285,14378,0,2006,1.9999582e-06,0.72014093,28.843798032044607,0.9088104320517916,Platte_20220523_Maize_048_0054.png
10787,4186,1411,11130,3801,1453,0.8448716,0.65083265,29.09146938092193,0.8946467607351024,Platte_20220523_Maize_048_0055.png
11792,4531,61,11963,4394,27,0.9658248,0.590691,27.041808087692488,0.8973627820358511,Platte_20220523_Maize_048_0056.png
8527,4310,3547,8538,139,7707,0.058891207,0.5953442,29.05981600461024,0.9033549673253924,Platte_20220523_Maize_048_0057.png
11913,4471,0,12102,4282,0,0.9489303,nan,29.25047841781594,0.9118237404862862,Platte_20220523_Maize_048_0058.png
8334,7045,1005,8128,1339,6917,0.26574522,0.19288176,27.923934749948,0.9127213421011535,Platte_20220523_Maize_048_0059.png
12301,3614,469,12473,3911,0,0.90896827,1.9999304e-06,27.414012486617114,0.8911330890752565,Platte_20220523_Maize_048_0060.png
8861,5521,2002,9124,5441,1819,0.95183283,0.93744504,27.690553881718806,0.8969870617332513,Platte_20220523_Maize_048_0061.png
10179,6205,0,10352,6032,0,0.95856774,nan,28.28382226221266,0.9182511147658454,Platte_20220523_Maize_048_0062.png
11138,5246,0,11512,4812,60,0.9315958,1.999454e-06,28.18835672714371,0.9213838103652411,Platte_20220523_Maize_048_0063.png
10901,5400,83,11174,5121,89,0.9352714,0.011627695,26.904371096272936,0.902121143070278,Platte_20220523_Maize_048_0064.png
9481,6903,0,9689,3206,3489,0.62103075,1.9999911e-06,29.3268899679802,0.9112472226173773,Platte_20220523_Maize_048_0065.png
12417,3967,0,12639,3745,0,0.95487356,nan,26.028316724415635,0.8895111228517235,Platte_20220523_Maize_048_0066.png
